{
    "IsEncrypted": false,
  "Values": {
    "AzureWebJobsStorage": "",
    "FUNCTIONS_INPROC_NET8_ENABLED": "1",
    "FUNCTIONS_WORKER_RUNTIME": "dotnet",
    "AzureSignalRConnectionString": "Endpoint=https://signalr2024july.service.signalr.net;AccessKey=XnJDKa1f3u+kXJO01YaIMk8qmh0qOVm0BqiXjdP6wBk=;Version=1.0;",
    "DbConnection": "Server=tcp:notificationssignalr.database.windows.net,1433;Initial Catalog=notificationsjuly24;Persist Security Info=False;User ID=sudheer;Password=betageri@1234;MultipleActiveResultSets=False;Encrypt=True;TrustServerCertificate=False;Connection Timeout=30;"
  }
}